SUBMIT DATE,count
2011-07-25,2
2011-08-11,1
2011-10-06,1
2011-10-13,1
2011-10-19,2
2011-11-02,1
2011-11-07,1
2011-12-21,2
2011-12-29,3
2012-01-19,1
2012-01-20,1
2012-01-23,2
2012-02-01,1
2012-02-06,1
2012-02-13,1
2012-02-24,2
2012-02-28,2
2012-02-29,4
2012-03-01,2
2012-03-02,2
2012-03-05,4
2012-03-06,3
2012-03-07,8
2012-03-08,1
2012-03-09,1
2012-03-12,2
2012-03-13,6
2012-03-15,6
2012-03-16,2
2012-03-20,1
2012-03-21,5
2012-03-22,1
2012-03-23,4
2012-03-25,2
2012-03-26,1
2012-03-27,1
2012-03-29,1
2012-03-30,1
2012-04-02,1
2012-04-05,3
2012-04-11,1
2012-04-13,1
2012-04-16,1
2012-04-18,1
2012-04-19,4
2012-04-20,1
2012-04-24,1
2012-04-25,2
2012-04-26,1
2012-04-27,1
2012-04-30,2
2012-05-01,2
2012-05-02,1
2012-05-03,2
2012-05-08,1
2012-05-09,4
2012-05-10,3
2012-05-15,1
2012-05-17,1
2012-05-18,2
2012-05-21,2
2012-05-22,3
2012-05-23,2
2012-05-25,3
2012-05-29,2
2012-05-30,1
2012-06-01,1
2012-06-04,1
2012-06-05,4
2012-06-14,2
2012-06-15,1
2012-06-19,1
2012-06-20,1
2012-06-25,1
2012-06-28,2
2012-06-29,1
2012-07-01,2
2012-07-02,1
2012-07-06,2
2012-07-10,2
2012-07-12,1
2012-07-13,2
2012-07-17,3
2012-08-01,2
2012-08-08,1
2012-08-15,1
2012-08-16,1
2012-08-17,1
2012-08-22,1
2012-08-23,2
2012-08-27,1
2012-09-05,2
2012-09-07,1
2012-09-11,1
2012-09-14,2
2012-09-26,4
2012-09-27,1
2012-10-02,1
2012-10-03,1
2012-10-10,2
2012-10-11,3
2012-10-15,1
2012-10-17,1
2012-10-18,1
2012-10-24,3
2012-10-26,3
2012-10-30,1
2012-10-31,2
2012-11-01,1
2012-11-09,3
2012-11-14,1
2012-11-15,2
2012-12-03,1
2012-12-04,3
2012-12-05,1
2012-12-06,2
2012-12-11,1
2012-12-20,4
2012-12-24,2
2012-12-27,2
2012-12-28,2
2013-01-02,2
2013-01-03,4
2013-01-04,3
2013-01-07,3
2013-01-08,2
2013-01-09,2
2013-01-15,4
2013-01-16,4
2013-01-18,4
2013-01-21,2
2013-01-22,2
2013-01-23,2
2013-01-24,6
2013-01-30,4
2013-02-04,3
2013-02-05,2
2013-02-06,1
2013-02-11,2
2013-02-12,3
2013-02-13,4
2013-02-14,5
2013-02-15,1
2013-02-18,4
2013-02-19,2
2013-02-20,6
2013-02-25,3
2013-02-26,3
2013-02-27,2
2013-02-28,2
2013-03-01,6
2013-03-04,4
2013-03-05,5
2013-03-06,5
2013-03-07,3
2013-03-08,8
2013-03-11,13
2013-03-12,2
2013-03-13,4
2013-03-14,2
2013-03-15,3
2013-03-18,3
2013-03-19,3
2013-03-20,2
2013-03-21,2
2013-03-22,5
2013-03-25,4
2013-03-27,3
2013-04-02,2
2013-04-04,2
2013-04-08,1
2013-04-10,1
2013-04-11,2
2013-04-14,2
2013-04-15,1
2013-04-16,3
2013-04-17,3
2013-04-23,1
2013-04-25,7
2013-04-26,3
2013-04-29,2
2013-05-03,2
2013-05-06,2
2013-05-07,3
2013-05-09,2
2013-05-13,2
2013-05-14,4
2013-05-15,2
2013-05-16,7
2013-05-17,2
2013-05-20,2
2013-05-21,3
2013-05-22,2
2013-05-23,2
2013-05-24,2
2013-05-25,1
2013-05-28,1
2013-05-29,4
2013-05-31,2
2013-06-03,1
2013-06-05,3
2013-06-06,4
2013-06-07,2
2013-06-14,4
2013-06-17,3
2013-06-20,2
2013-06-21,7
2013-06-24,5
2013-06-25,7
2013-06-26,5
2013-06-27,4
2013-06-28,3
2013-07-03,1
2013-07-08,2
2013-07-10,2
2013-07-11,3
2013-07-12,4
2013-07-16,2
2013-07-18,5
2013-07-19,6
2013-07-22,2
2013-07-24,1
2013-07-25,2
2013-07-26,4
2013-07-29,1
2013-07-31,1
2013-08-07,1
2013-08-12,2
2013-08-14,2
2013-08-15,6
2013-08-16,5
2013-08-17,1
2013-08-19,8
2013-08-20,4
2013-08-22,1
2013-08-23,1
2013-08-26,4
2013-08-27,1
2013-08-28,2
2013-08-30,3
2013-09-04,1
2013-09-05,4
2013-09-09,2
2013-09-10,2
2013-09-11,1
2013-09-13,1
2013-09-16,2
2013-09-17,4
2013-09-18,2
2013-09-19,2
2013-09-20,2
2013-09-23,1
2013-09-24,2
2013-09-26,1
2013-09-27,2
2013-09-30,3
2013-10-01,1
2013-10-18,4
2013-10-21,5
2013-10-23,2
2013-10-24,3
2013-10-25,5
2013-10-30,3
2013-11-01,8
2013-11-04,4
2013-11-05,6
2013-11-06,11
2013-11-07,12
2013-11-08,4
2013-11-11,3
2013-11-12,11
2013-11-13,15
2013-11-14,2
2013-11-15,9
2013-11-16,1
2013-11-18,3
2013-11-19,6
2013-11-20,1
2013-11-21,6
2013-11-22,4
2013-11-25,5
2013-11-26,2
2013-11-27,7
2013-12-02,2
2013-12-03,8
2013-12-04,8
2013-12-06,4
2013-12-09,2
2013-12-10,5
2013-12-12,1
2013-12-13,2
2013-12-16,13
2013-12-17,1
2013-12-18,6
2013-12-19,5
2013-12-20,1
2013-12-23,5
2013-12-24,6
2013-12-27,3
2013-12-30,7
2013-12-31,4
2014-01-03,3
2014-01-06,12
2014-01-08,1
2014-01-09,2
2014-01-10,2
2014-01-14,1
2014-01-15,2
2014-01-16,1
2014-01-17,4
2014-01-21,3
2014-01-22,3
2014-01-23,4
2014-01-24,1
2014-01-27,2
2014-01-28,3
2014-01-29,2
2014-01-30,1
2014-01-31,4
2014-02-03,2
2014-02-04,2
2014-02-05,8
2014-02-06,9
2014-02-07,9
2014-02-10,3
2014-02-11,5
2014-02-13,1
2014-02-14,2
2014-02-18,2
2014-02-19,2
2014-02-20,2
2014-02-21,7
2014-02-23,1
2014-02-24,11
2014-02-25,5
2014-02-26,3
2014-02-27,5
2014-03-01,2
2014-03-03,3
2014-03-04,9
2014-03-05,9
2014-03-06,8
2014-03-07,7
2014-03-10,7
2014-03-11,18
2014-03-12,4
2014-03-13,6
2014-03-14,9
2014-03-17,5
2014-03-18,7
2014-03-19,4
2014-03-20,1
2014-03-21,3
2014-03-24,4
2014-03-26,2
2014-03-27,4
2014-03-28,2
2014-03-31,6
2014-04-01,4
2014-04-03,1
2014-04-04,2
2014-04-08,2
2014-04-11,2
2014-04-14,3
2014-04-15,1
2014-04-16,6
2014-04-17,2
2014-04-18,2
2014-04-21,5
2014-04-22,3
2014-04-23,3
2014-04-24,2
2014-04-25,3
2014-04-28,2
2014-04-30,2
2014-05-01,6
2014-05-02,6
2014-05-04,1
2014-05-05,5
2014-05-07,4
2014-05-09,3
2014-05-12,3
2014-05-13,4
2014-05-15,8
2014-05-16,2
2014-05-19,2
2014-05-20,5
2014-05-21,1
2014-05-22,4
2014-05-23,7
2014-05-28,8
2014-05-29,9
2014-05-30,2
2014-06-02,4
2014-06-03,2
2014-06-04,7
2014-06-06,2
2014-06-09,3
2014-06-10,2
2014-06-11,7
2014-06-12,1
2014-06-13,2
2014-06-17,3
2014-06-18,1
2014-06-19,2
2014-06-20,2
2014-06-24,5
2014-06-25,6
2014-06-26,11
2014-06-27,6
2014-06-30,6
2014-07-02,3
2014-07-03,1
2014-07-07,1
2014-07-08,4
2014-07-09,3
2014-07-10,2
2014-07-14,5
2014-07-18,6
2014-07-21,4
2014-07-22,1
2014-07-23,5
2014-07-24,7
2014-07-25,12
2014-07-29,4
2014-07-31,1
2014-08-04,6
2014-08-05,4
2014-08-06,2
2014-08-07,2
2014-08-08,2
2014-08-11,6
2014-08-12,9
2014-08-13,3
2014-08-14,6
2014-08-15,7
2014-08-18,2
2014-08-21,5
2014-08-22,1
2014-08-25,8
2014-08-26,4
2014-08-27,5
2014-08-28,17
2014-08-29,2
2014-09-02,1
2014-09-03,1
2014-09-04,6
2014-09-05,8
2014-09-08,5
2014-09-09,4
2014-09-10,2
2014-09-11,2
2014-09-12,3
2014-09-16,6
2014-09-17,5
2014-09-18,7
2014-09-19,5
2014-09-22,3
2014-09-23,5
2014-09-24,3
2014-09-25,240
2014-09-26,211
2014-09-27,31
2014-09-28,1
2014-09-29,245
2014-09-30,275
2014-10-01,208
2014-10-02,188
2014-10-03,178
2014-10-04,5
2014-10-05,2
2014-10-06,167
2014-10-07,219
2014-10-08,237
2014-10-09,328
2014-10-10,253
2014-10-11,81
2014-10-12,5
2014-10-13,188
2014-10-14,258
2014-10-15,212
2014-10-16,276
2014-10-17,202
2014-10-18,20
2014-10-19,16
2014-10-20,311
2014-10-21,255
2014-10-22,225
2014-10-23,193
2014-10-24,250
2014-10-25,3
2014-10-26,2
2014-10-27,258
2014-10-28,276
2014-10-29,262
2014-10-30,245
2014-10-31,270
2014-11-01,4
2014-11-02,58
2014-11-03,313
2014-11-04,322
2014-11-05,371
2014-11-06,298
2014-11-07,265
2014-11-08,42
2014-11-09,9
2014-11-10,290
2014-11-11,268
2014-11-12,325
2014-11-13,380
2014-11-14,300
2014-11-15,3
2014-11-16,5
2014-11-17,375
2014-11-18,298
2014-11-19,325
2014-11-20,358
2014-11-21,338
2014-11-22,4
2014-11-23,4
2014-11-24,439
2014-11-25,456
2014-11-26,376
2014-11-27,92
2014-11-28,39
2014-11-29,1
2014-11-30,7
2014-12-01,535
2014-12-02,317
2014-12-03,433
2014-12-04,325
2014-12-05,251
2014-12-06,4
2014-12-07,4
2014-12-08,268
2014-12-09,249
2014-12-10,257
2014-12-11,301
2014-12-12,344
2014-12-13,14
2014-12-14,6
2014-12-15,365
2014-12-16,385
2014-12-17,386
2014-12-18,397
2014-12-19,513
2014-12-20,4
2014-12-21,7
2014-12-22,400
2014-12-23,369
2014-12-24,248
2014-12-25,1
2014-12-26,46
2014-12-27,4
2014-12-28,1
2014-12-29,409
2014-12-30,301
2014-12-31,265
2015-01-01,12
2015-01-02,120
2015-01-04,9
2015-01-05,370
2015-01-06,351
2015-01-07,309
2015-01-08,400
2015-01-09,358
2015-01-10,5
2015-01-11,8
2015-01-12,379
2015-01-13,217
2015-01-14,320
2015-01-15,413
2015-01-16,431
2015-01-17,1
2015-01-18,4
2015-01-19,335
2015-01-20,421
2015-01-21,398
2015-01-22,341
2015-01-23,338
2015-01-24,5
2015-01-25,3
2015-01-26,352
2015-01-27,342
2015-01-28,535
2015-01-29,495
2015-01-30,379
2015-01-31,25
2015-02-01,16
2015-02-02,609
2015-02-03,691
2015-02-04,685
2015-02-05,381
2015-02-06,738
2015-02-07,68
2015-02-08,8
2015-02-09,590
2015-02-10,835
2015-02-11,688
2015-02-12,978
2015-02-13,1096
2015-02-14,227
2015-02-15,8
2015-02-16,1147
2015-02-17,874
2015-02-18,1226
2015-02-19,1250
2015-02-20,632
2015-02-21,207
2015-02-22,36
2015-02-23,852
2015-02-24,586
2015-02-25,796
2015-02-26,866
2015-02-27,932
2015-02-28,197
2015-03-01,95
2015-03-02,1247
2015-03-03,1224
2015-03-04,1437
2015-03-05,2159
2015-03-06,1172
2015-03-07,906
2015-03-08,531
2015-03-09,1758
2015-03-10,1593
2015-03-11,1198
2015-03-12,1263
2015-03-13,1447
2015-03-14,685
2015-03-15,306
2015-03-16,1552
2015-03-17,1463
2015-03-18,1312
2015-03-19,1259
2015-03-20,1288
2015-03-21,300
2015-03-22,206
2015-03-23,961
2015-03-24,713
2015-03-25,727
2015-03-26,508
2015-03-27,435
2015-03-28,105
2015-03-29,27
2015-03-30,285
2015-03-31,582
2015-04-01,245
2015-04-02,287
2015-04-03,181
2015-04-06,271
2015-04-07,378
2015-04-08,277
2015-04-09,349
2015-04-10,292
2015-04-11,2
2015-04-12,16
2015-04-13,336
2015-04-14,350
2015-04-15,379
2015-04-16,313
2015-04-17,259
2015-04-18,7
2015-04-19,13
2015-04-20,329
2015-04-21,337
2015-04-22,419
2015-04-23,280
2015-04-24,254
2015-04-25,4
2015-04-26,7
2015-04-27,280
2015-04-28,272
2015-04-29,336
2015-04-30,339
2015-05-01,251
2015-05-02,20
2015-05-03,19
2015-05-04,216
2015-05-05,394
2015-05-06,352
2015-05-07,298
2015-05-08,365
2015-05-09,2
2015-05-10,7
2015-05-11,324
2015-05-12,289
2015-05-13,289
2015-05-14,331
2015-05-15,379
2015-05-16,12
2015-05-17,64
2015-05-18,293
2015-05-19,330
2015-05-20,333
2015-05-21,239
2015-05-22,312
2015-05-23,18
2015-05-24,3
2015-05-25,83
2015-05-26,321
2015-05-27,265
2015-05-28,242
2015-05-29,396
2015-05-30,11
2015-05-31,20
2015-06-01,298
2015-06-02,377
2015-06-03,397
2015-06-04,391
2015-06-05,319
2015-06-06,1
2015-06-07,7
2015-06-08,265
2015-06-09,346
2015-06-10,355
2015-06-11,289
2015-06-12,289
2015-06-13,13
2015-06-14,2
2015-06-15,286
2015-06-16,320
2015-06-17,299
2015-06-18,342
2015-06-19,270
2015-06-20,12
2015-06-21,3
2015-06-22,268
2015-06-23,398
2015-06-24,260
2015-06-25,272
2015-06-26,287
2015-06-27,3
2015-06-28,1
2015-06-29,310
2015-06-30,419
2015-07-01,230
2015-07-02,264
2015-07-03,80
2015-07-04,7
2015-07-05,6
2015-07-06,288
2015-07-07,314
2015-07-08,348
2015-07-09,301
2015-07-10,327
2015-07-11,13
2015-07-12,16
2015-07-13,308
2015-07-14,299
2015-07-15,377
2015-07-16,357
2015-07-17,428
2015-07-18,19
2015-07-19,12
2015-07-20,315
2015-07-21,383
2015-07-22,355
2015-07-23,408
2015-07-24,321
2015-07-25,15
2015-07-26,14
2015-07-27,378
2015-07-28,323
2015-07-29,340
2015-07-30,316
2015-07-31,258
2015-08-01,5
2015-08-02,4
2015-08-03,283
2015-08-04,306
2015-08-05,388
2015-08-06,300
2015-08-07,342
2015-08-08,12
2015-08-09,3
2015-08-10,309
2015-08-11,309
2015-08-12,386
2015-08-13,309
2015-08-14,268
2015-08-15,4
2015-08-16,5
2015-08-17,303
2015-08-18,328
2015-08-19,359
2015-08-20,323
2015-08-21,303
2015-08-22,3
2015-08-23,2
2015-08-24,255
2015-08-25,323
2015-08-26,298
2015-08-27,332
2015-08-28,253
2015-08-29,2
2015-08-30,5
2015-08-31,292
2015-09-01,270
2015-09-02,253
2015-09-03,341
2015-09-04,141
2015-09-05,16
2015-09-06,5
2015-09-07,97
2015-09-08,246
2015-09-09,335
2015-09-10,295
2015-09-11,300
2015-09-12,19
2015-09-13,2
2015-09-14,252
2015-09-15,280
2015-09-16,315
2015-09-17,232
2015-09-18,315
2015-09-19,21
2015-09-20,8
2015-09-21,300
2015-09-22,267
2015-09-23,307
2015-09-24,370
2015-09-25,256
2015-09-26,11
2015-09-27,10
2015-09-28,206
2015-09-29,238
2015-09-30,310
2015-10-01,166
2015-10-02,208
2015-10-03,19
2015-10-04,4
2015-10-05,221
2015-10-06,273
2015-10-07,208
2015-10-08,247
2015-10-09,207
2015-10-10,1
2015-10-11,4
2015-10-12,218
2015-10-13,240
2015-10-14,300
2015-10-15,206
2015-10-16,168
2015-10-17,8
2015-10-18,3
2015-10-19,224
2015-10-20,259
2015-10-21,275
2015-10-22,261
2015-10-23,256
2015-10-24,3
2015-10-25,4
2015-10-26,199
2015-10-27,220
2015-10-28,302
2015-10-29,242
2015-10-30,312
2015-10-31,7
2015-11-01,2
2015-11-02,281
2015-11-03,273
2015-11-04,289
2015-11-05,320
2015-11-06,323
2015-11-07,6
2015-11-08,7
2015-11-09,382
2015-11-10,293
2015-11-11,239
2015-11-12,245
2015-11-13,536
2015-11-14,5
2015-11-15,10
2015-11-16,402
2015-11-17,290
2015-11-18,340
2015-11-19,349
2015-11-20,354
2015-11-22,2
2015-11-23,481
2015-11-24,317
2015-11-25,610
2015-11-26,87
2015-11-27,18
2015-11-29,23
2015-11-30,531
2015-12-01,329
2015-12-02,286
2015-12-03,369
2015-12-04,308
2015-12-05,7
2015-12-06,1
2015-12-07,369
2015-12-08,323
2015-12-09,331
2015-12-10,295
2015-12-11,244
2015-12-12,5
2015-12-13,5
2015-12-14,536
2015-12-15,519
2015-12-16,496
2015-12-17,654
2015-12-18,558
2015-12-19,7
2015-12-20,4
2015-12-21,288
2015-12-22,244
2015-12-23,498
2015-12-24,100
2015-12-25,50
2015-12-26,8
2015-12-27,11
2015-12-28,586
2015-12-29,458
2015-12-30,424
2015-12-31,626
2016-01-01,13
2016-01-02,4
2016-01-03,3
2016-01-04,471
2016-01-05,583
2016-01-06,478
2016-01-07,545
2016-01-08,349
2016-01-09,11
2016-01-10,3
2016-01-11,473
2016-01-12,592
2016-01-13,473
2016-01-14,290
2016-01-15,336
2016-01-16,6
2016-01-17,6
2016-01-18,312
2016-01-19,571
2016-01-20,500
2016-01-21,700
2016-01-22,318
2016-01-23,6
2016-01-24,9
2016-01-25,390
2016-01-26,353
2016-01-27,431
2016-01-28,506
2016-01-29,458
2016-01-30,6
2016-01-31,19
2016-02-01,556
2016-02-02,631
2016-02-03,577
2016-02-04,701
2016-02-05,839
2016-02-06,3
2016-02-07,29
2016-02-08,414
2016-02-09,553
2016-02-10,449
2016-02-11,690
2016-02-12,593
2016-02-13,43
2016-02-14,52
2016-02-15,348
2016-02-16,677
2016-02-17,845
2016-02-18,853
2016-02-19,1112
2016-02-20,126
2016-02-21,89
2016-02-22,1067
2016-02-23,1107
2016-02-24,959
2016-02-25,1400
2016-02-26,1096
2016-02-27,299
2016-02-28,45
2016-02-29,1058
2016-03-01,1178
2016-03-02,1519
2016-03-03,1160
2016-03-04,1527
2016-03-05,536
2016-03-06,71
2016-03-07,1866
2016-03-08,1953
2016-03-09,1630
2016-03-10,1880
2016-03-11,1690
2016-03-12,1113
2016-03-13,236
2016-03-14,1411
2016-03-15,1394
2016-03-16,1631
2016-03-17,1476
2016-03-18,1398
2016-03-19,267
2016-03-20,440
2016-03-21,1216
2016-03-22,1317
2016-03-23,1038
2016-03-24,743
2016-03-25,416
2016-03-26,98
2016-03-27,17
2016-03-28,348
2016-03-29,385
2016-03-30,266
2016-03-31,293
2016-04-01,288
2016-04-02,15
2016-04-03,3
2016-04-04,235
2016-04-05,365
2016-04-06,356
2016-04-07,336
2016-04-08,350
2016-04-09,8
2016-04-10,4
2016-04-11,376
2016-04-12,391
2016-04-13,335
2016-04-14,324
2016-04-15,283
2016-04-16,9
2016-04-17,4
2016-04-18,404
2016-04-19,381
2016-04-20,301
2016-04-21,305
2016-04-22,352
2016-04-23,2
2016-04-24,2
2016-04-25,288
2016-04-26,343
2016-04-27,346
2016-04-28,348
2016-04-29,296
2016-04-30,14
2016-05-02,341
2016-05-03,272
2016-05-04,400
2016-05-05,313
2016-05-06,332
2016-05-07,3
2016-05-08,7
2016-05-09,307
2016-05-10,379
2016-05-11,323
2016-05-12,310
2016-05-13,235
2016-05-14,5
2016-05-16,358
2016-05-17,315
2016-05-18,293
2016-05-19,333
2016-05-20,410
2016-05-21,5
2016-05-22,7
2016-05-23,540
2016-05-24,476
2016-05-25,475
2016-05-26,483
2016-05-27,351
2016-05-28,13
2016-05-29,1
2016-05-30,141
2016-05-31,285
2016-06-01,298
2016-06-02,288
2016-06-03,294
2016-06-04,2
2016-06-05,1
2016-06-06,303
2016-06-07,294
2016-06-08,398
2016-06-09,358
2016-06-10,286
2016-06-11,5
2016-06-13,319
2016-06-14,299
2016-06-15,293
2016-06-16,329
2016-06-17,381
2016-06-18,8
2016-06-19,2
2016-06-20,251
2016-06-21,256
2016-06-22,330
2016-06-23,337
2016-06-24,270
2016-06-25,13
2016-06-26,6
2016-06-27,241
2016-06-28,453
2016-06-29,435
2016-06-30,320
2016-07-01,196
2016-07-02,6
2016-07-03,2
2016-07-04,14
2016-07-05,243
2016-07-06,243
2016-07-07,210
2016-07-08,340
2016-07-09,4
2016-07-10,8
2016-07-11,262
2016-07-12,341
2016-07-13,318
2016-07-14,313
2016-07-15,356
2016-07-16,11
2016-07-17,2
2016-07-18,290
2016-07-19,324
2016-07-20,381
2016-07-21,366
2016-07-22,267
2016-07-23,3
2016-07-24,14
2016-07-25,248
2016-07-26,328
2016-07-27,290
2016-07-28,280
2016-07-29,274
2016-07-30,23
2016-08-01,338
2016-08-02,309
2016-08-03,328
2016-08-04,308
2016-08-05,314
2016-08-06,16
2016-08-07,15
2016-08-08,296
2016-08-09,309
2016-08-10,365
2016-08-11,256
2016-08-12,271
2016-08-13,3
2016-08-15,171
2016-08-16,280
2016-08-17,298
2016-08-18,340
2016-08-19,270
2016-08-20,8
2016-08-21,5
2016-08-22,304
2016-08-23,282
2016-08-24,288
2016-08-25,268
2016-08-26,292
2016-08-27,11
2016-08-28,2
2016-08-29,236
2016-08-30,338
2016-08-31,235
2016-09-01,322
2016-09-02,312
2016-09-03,10
2016-09-04,1
2016-09-05,39
2016-09-06,258
2016-09-07,317
2016-09-08,268
2016-09-09,262
2016-09-10,8
2016-09-11,2
2016-09-12,271
2016-09-13,295
2016-09-14,319
2016-09-15,257
2016-09-16,276
2016-09-17,3
2016-09-18,2
2016-09-19,254
2016-09-20,308
2016-09-21,248
2016-09-22,239
2016-09-23,257
2016-09-24,8
2016-09-25,1
2016-09-26,187
2016-09-27,261
2016-09-28,313
2016-09-29,207
2016-09-30,290
2016-10-01,5
2016-10-02,3
2016-10-03,219
2016-10-04,288
2016-10-05,265
2016-10-06,305
2016-10-07,231
2016-10-10,35
2016-10-11,294
2016-10-12,219
2016-10-13,268
2016-10-14,186
2016-10-15,6
2016-10-16,15
2016-10-17,255
2016-10-18,220
2016-10-19,229
2016-10-20,276
2016-10-21,195
2016-10-22,16
2016-10-23,15
2016-10-24,236
2016-10-25,272
2016-10-26,283
2016-10-27,306
2016-10-28,336
2016-10-29,29
2016-10-30,2
2016-10-31,183
2016-11-01,257
2016-11-02,223
2016-11-03,329
2016-11-04,313
2016-11-05,20
2016-11-06,15
2016-11-07,271
2016-11-08,299
2016-11-09,292
2016-11-10,249
2016-11-11,358
2016-11-12,4
2016-11-13,20
2016-11-14,284
2016-11-15,334
2016-11-16,445
2016-11-17,244
2016-11-18,354
2016-11-19,4
2016-11-20,18
2016-11-21,319
2016-11-22,606
2016-11-23,476
2016-11-24,31
2016-11-25,36
2016-11-27,4
2016-11-28,731
2016-11-29,301
2016-11-30,459
2016-12-01,427
2016-12-02,402
2016-12-03,10
2016-12-04,26
2016-12-05,409
2016-12-06,521
2016-12-07,466
2016-12-08,437
2016-12-09,517
2016-12-10,3
2016-12-11,22
2016-12-12,443
2016-12-13,254
2016-12-14,439
2016-12-15,366
2016-12-16,350
2016-12-17,5
2016-12-18,34
2016-12-19,378
2016-12-20,545
2016-12-21,451
2016-12-22,490
2016-12-23,388
2016-12-24,2
2016-12-25,2
2016-12-26,89
2016-12-27,733
2016-12-28,314
2016-12-29,522
2016-12-30,420
2016-12-31,1
2017-01-01,8
2017-01-02,68
2017-01-03,706
2017-01-04,631
2017-01-05,435
2017-01-06,549
2017-01-07,4
2017-01-08,16
2017-01-09,565
2017-01-10,546
2017-01-11,539
2017-01-12,513
2017-01-13,496
2017-01-14,3
2017-01-15,2
2017-01-16,368
2017-01-17,475
2017-01-18,546
2017-01-19,527
2017-01-20,638
2017-01-21,5
2017-01-22,4
2017-01-23,416
2017-01-24,514
2017-01-25,527
2017-01-26,209
2017-01-27,462
2017-01-28,2
2017-01-29,9
2017-01-30,451
2017-01-31,458
2017-02-01,595
2017-02-02,653
2017-02-03,618
2017-02-04,353
2017-02-05,72
2017-02-06,665
2017-02-07,576
2017-02-08,471
2017-02-09,413
2017-02-10,508
2017-02-11,86
2017-02-12,13
2017-02-13,524
2017-02-14,983
2017-02-15,1053
2017-02-16,753
2017-02-17,663
2017-02-18,84
2017-02-19,112
2017-02-20,363
2017-02-21,756
2017-02-22,709
2017-02-23,781
2017-02-24,768
2017-02-25,368
2017-02-26,142
2017-02-27,959
2017-02-28,1211
2017-03-01,1045
2017-03-02,990
2017-03-03,969
2017-03-04,227
2017-03-05,106
2017-03-06,1341
2017-03-07,1754
2017-03-08,1652
2017-03-09,1599
2017-03-10,1938
2017-03-11,547
2017-03-12,175
2017-03-13,1199
2017-03-14,1256
2017-03-15,1717
2017-03-16,1634
2017-03-17,1860
2017-03-18,540
2017-03-19,656
2017-03-20,1619
2017-03-21,1329
2017-03-22,1239
2017-03-23,1007
2017-03-24,794
2017-03-25,168
2017-03-26,138
2017-03-27,531
2017-03-28,355
2017-03-29,300
2017-03-30,249
2017-03-31,218
2017-04-01,13
2017-04-02,7
2017-04-03,318
2017-04-04,416
2017-04-05,326
2017-04-06,265
2017-04-07,295
2017-04-08,5
2017-04-09,4
2017-04-10,317
2017-04-11,267
2017-04-12,296
2017-04-13,328
2017-04-14,185
2017-04-15,5
2017-04-16,1
2017-04-17,239
2017-04-18,314
2017-04-19,297
2017-04-20,324
2017-04-21,352
2017-04-23,10
2017-04-24,262
2017-04-25,311
2017-04-26,261
2017-04-27,295
2017-04-28,302
2017-04-29,12
2017-04-30,5
2017-05-01,155
2017-05-02,289
2017-05-03,247
2017-05-04,316
2017-05-05,220
2017-05-06,8
2017-05-07,2
2017-05-08,249
2017-05-09,271
2017-05-10,335
2017-05-11,247
2017-05-12,242
2017-05-13,9
2017-05-14,6
2017-05-15,268
2017-05-16,270
2017-05-17,342
2017-05-18,296
2017-05-19,284
2017-05-20,2
2017-05-21,1
2017-05-22,211
2017-05-23,272
2017-05-24,312
2017-05-25,232
2017-05-26,220
2017-05-27,6
2017-05-28,1
2017-05-29,66
2017-05-30,235
2017-05-31,254
2017-06-01,290
2017-06-02,238
2017-06-03,8
2017-06-04,1
2017-06-05,242
2017-06-06,278
2017-06-07,275
2017-06-08,302
2017-06-09,247
2017-06-11,2
2017-06-12,284
2017-06-13,244
2017-06-14,265
2017-06-15,278
2017-06-16,317
2017-06-17,12
2017-06-19,204
2017-06-20,275
2017-06-21,266
2017-06-22,260
2017-06-23,297
2017-06-25,12
2017-06-26,223
2017-06-27,401
2017-06-28,340
2017-06-29,380
2017-06-30,312
2017-07-01,3
2017-07-02,4
2017-07-03,86
2017-07-04,38
2017-07-05,227
2017-07-06,286
2017-07-07,333
2017-07-08,6
2017-07-09,3
2017-07-10,307
2017-07-11,289
2017-07-12,316
2017-07-13,262
2017-07-14,344
2017-07-15,7
2017-07-16,4
2017-07-17,228
2017-07-18,254
2017-07-19,282
2017-07-20,303
2017-07-21,275
2017-07-22,5
2017-07-23,3
2017-07-24,301
2017-07-25,249
2017-07-26,295
2017-07-27,295
2017-07-28,263
2017-07-29,5
2017-07-30,4
2017-07-31,268
2017-08-01,279
2017-08-02,327
2017-08-03,343
2017-08-04,270
2017-08-05,9
2017-08-07,242
2017-08-08,306
2017-08-09,295
2017-08-10,300
2017-08-11,275
2017-08-12,1
2017-08-13,2
2017-08-14,231
2017-08-15,184
2017-08-16,268
2017-08-17,227
2017-08-18,210
2017-08-19,45
2017-08-20,14
2017-08-21,250
2017-08-22,271
2017-08-23,316
2017-08-24,307
2017-08-25,146
2017-08-26,4
2017-08-27,7
2017-08-28,246
2017-08-29,263
2017-08-30,236
2017-08-31,278
2017-09-01,252
2017-09-02,3
2017-09-03,7
2017-09-04,16
2017-09-05,272
2017-09-06,244
2017-09-07,296
2017-09-08,279
2017-09-09,8
2017-09-10,3
2017-09-11,250
2017-09-12,247
2017-09-13,224
2017-09-14,252
2017-09-15,222
2017-09-16,13
2017-09-18,254
2017-09-19,253
2017-09-20,255
2017-09-21,260
2017-09-22,219
2017-09-23,1
2017-09-24,8
2017-09-25,209
2017-09-26,248
2017-09-27,271
2017-09-28,187
2017-09-29,261
2017-10-01,4
2017-10-02,174
2017-10-03,240
2017-10-04,261
2017-10-05,275
2017-10-06,280
2017-10-09,177
2017-10-10,298
2017-10-11,310
2017-10-12,203
2017-10-13,305
2017-10-14,7
2017-10-15,2
2017-10-16,209
2017-10-17,312
2017-10-18,233
2017-10-19,255
2017-10-20,201
2017-10-21,11
2017-10-22,2
2017-10-23,213
2017-10-24,211
2017-10-25,286
2017-10-26,229
2017-10-27,200
2017-10-28,4
2017-10-29,11
2017-10-30,255
2017-10-31,236
2017-11-01,219
2017-11-02,253
2017-11-03,204
2017-11-04,10
2017-11-05,10
2017-11-06,224
2017-11-07,268
2017-11-08,249
2017-11-09,275
2017-11-10,208
2017-11-11,1
2017-11-12,14
2017-11-13,217
2017-11-14,222
2017-11-15,246
2017-11-16,246
2017-11-17,194
2017-11-18,4
2017-11-19,5
2017-11-20,315
2017-11-21,260
2017-11-22,244
2017-11-23,37
2017-11-24,36
2017-11-25,1
2017-11-26,5
2017-11-27,195
2017-11-28,248
2017-11-29,225
2017-11-30,234
2017-12-01,254
2017-12-02,8
2017-12-03,10
2017-12-04,210
2017-12-05,288
2017-12-06,214
2017-12-07,317
2017-12-08,241
2017-12-09,5
2017-12-10,5
2017-12-11,226
2017-12-12,225
2017-12-13,481
2017-12-14,324
2017-12-15,251
2017-12-16,3
2017-12-17,11
2017-12-18,203
2017-12-19,266
2017-12-20,286
2017-12-21,286
2017-12-22,198
2017-12-23,4
2017-12-24,1
2017-12-25,17
2017-12-26,141
2017-12-27,167
2017-12-28,197
2017-12-29,126
2017-12-30,4
2018-01-01,6
2018-01-02,199
2018-01-03,266
2018-01-04,234
2018-01-05,254
2018-01-06,7
2018-01-07,8
2018-01-08,323
2018-01-09,294
2018-01-10,325
2018-01-11,235
2018-01-12,454
2018-01-13,8
2018-01-14,16
2018-01-15,87
2018-01-16,301
2018-01-17,330
2018-01-18,329
2018-01-19,587
2018-01-23,442
2018-01-24,394
2018-01-25,397
2018-01-26,312
2018-01-27,13
2018-01-28,40
2018-01-29,393
2018-01-30,511
2018-01-31,475
2018-02-01,522
2018-02-02,458
2018-02-03,60
2018-02-04,5
2018-02-05,341
2018-02-06,397
2018-02-07,558
2018-02-08,463
2018-02-09,367
2018-02-10,37
2018-02-11,39
2018-02-12,521
2018-02-13,487
2018-02-14,808
2018-02-15,407
2018-02-16,487
2018-02-17,88
2018-02-18,62
2018-02-19,420
2018-02-20,514
2018-02-21,1019
2018-02-22,718
2018-02-23,672
2018-02-24,125
2018-02-25,57
2018-02-26,776
2018-02-27,1126
2018-02-28,826
2018-03-01,792
2018-03-02,1088
2018-03-03,565
2018-03-04,218
2018-03-05,1123
2018-03-06,1285
2018-03-07,1153
2018-03-08,963
2018-03-09,1183
2018-03-10,242
2018-03-11,310
2018-03-12,1103
2018-03-13,1288
2018-03-14,1230
2018-03-15,1343
2018-03-16,1500
2018-03-17,266
2018-03-18,379
2018-03-19,1223
2018-03-20,1140
2018-03-21,1149
2018-03-22,1168
2018-03-23,839
2018-03-24,184
2018-03-25,220
2018-03-26,794
2018-03-27,501
2018-03-28,582
2018-03-29,353
2018-03-30,267
2018-03-31,11
2018-04-01,19
2018-04-02,300
2018-04-03,272
2018-04-04,319
2018-04-05,395
2018-04-06,316
2018-04-07,11
2018-04-08,6
2018-04-09,393
2018-04-10,429
2018-04-11,394
2018-04-12,406
2018-04-13,404
2018-04-14,8
2018-04-15,2
2018-04-16,339
2018-04-17,359
2018-04-18,394
2018-04-19,356
2018-04-20,291
2018-04-21,2
2018-04-22,14
2018-04-23,306
2018-04-24,387
2018-04-25,375
2018-04-26,333
2018-04-27,286
2018-04-28,12
2018-04-29,3
2018-04-30,365
2018-05-01,265
2018-05-02,340
2018-05-03,327
2018-05-04,372
2018-05-05,13
2018-05-06,8
2018-05-07,374
2018-05-08,333
2018-05-09,362
2018-05-10,372
2018-05-11,342
2018-05-12,7
2018-05-13,1
2018-05-14,299
2018-05-15,347
2018-05-16,357
2018-05-17,340
2018-05-18,317
2018-05-19,7
2018-05-20,6
2018-05-21,323
2018-05-22,256
2018-05-23,307
2018-05-24,329
2018-05-25,277
2018-05-26,9
2018-05-28,46
2018-05-29,312
2018-05-30,271
2018-05-31,308
2018-06-01,252
2018-06-02,3
2018-06-03,6
2018-06-04,269
2018-06-05,346
2018-06-06,276
2018-06-07,351
2018-06-08,228
2018-06-09,8
2018-06-10,3
2018-06-11,274
2018-06-12,323
2018-06-13,283
2018-06-14,274
2018-06-15,267
2018-06-16,15
2018-06-17,6
2018-06-18,279
2018-06-19,329
2018-06-20,249
2018-06-21,305
2018-06-22,347
2018-06-23,10
2018-06-24,8
2018-06-25,247
2018-06-26,424
2018-06-27,322
2018-06-28,307
2018-06-29,382
2018-06-30,18
2018-07-01,1
2018-07-02,176
2018-07-03,246
2018-07-04,39
2018-07-05,247
2018-07-06,265
2018-07-07,13
2018-07-08,3
2018-07-09,209
2018-07-10,266
2018-07-11,311
2018-07-12,400
2018-07-13,319
2018-07-14,7
2018-07-15,4
2018-07-16,371
2018-07-17,401
2018-07-18,310
2018-07-19,300
2018-07-20,281
2018-07-21,16
2018-07-23,316
2018-07-24,320
2018-07-25,299
2018-07-26,325
2018-07-27,292
2018-07-28,17
2018-07-29,6
2018-07-30,283
2018-07-31,316
2018-08-01,273
2018-08-02,317
2018-08-03,329
2018-08-04,13
2018-08-05,2
2018-08-06,257
2018-08-07,309
2018-08-08,299
2018-08-09,274
2018-08-10,241
2018-08-11,9
2018-08-12,2
2018-08-13,349
2018-08-14,350
2018-08-15,296
2018-08-16,313
2018-08-17,257
2018-08-18,10
2018-08-19,14
2018-08-20,236
2018-08-21,313
2018-08-22,251
2018-08-23,353
2018-08-24,303
2018-08-25,10
2018-08-26,5
2018-08-27,289
2018-08-28,443
2018-08-29,605
2018-08-30,608
2018-08-31,545
2018-09-01,21
2018-09-02,3
2018-09-03,29
2018-09-04,258
2018-09-05,260
2018-09-06,250
2018-09-07,249
2018-09-08,4
2018-09-09,6
2018-09-10,228
2018-09-11,241
2018-09-12,286
2018-09-13,245
2018-09-14,231
2018-09-15,7
2018-09-17,247
2018-09-18,263
2018-09-19,290
2018-09-20,188
2018-09-21,231
2018-09-22,1
2018-09-23,2
2018-09-24,218
2018-09-25,172
2018-09-26,225
2018-09-27,225
2018-09-28,174
2018-09-29,6
2018-09-30,3
2018-10-01,183
2018-10-02,233
2018-10-03,236
2018-10-04,284
2018-10-05,224
2018-10-06,2
2018-10-07,4
2018-10-08,189
2018-10-09,252
2018-10-10,244
2018-10-11,224
2018-10-12,215
2018-10-13,10
2018-10-15,220
2018-10-16,229
2018-10-17,238
2018-10-18,224
2018-10-19,174
2018-10-20,12
2018-10-21,3
2018-10-22,182
2018-10-23,262
2018-10-24,210
2018-10-25,233
2018-10-26,193
2018-10-27,7
2018-10-29,255
2018-10-30,196
2018-10-31,191
2018-11-01,178
2018-11-02,200
2018-11-03,7
2018-11-04,10
2018-11-05,228
2018-11-06,188
2018-11-07,205
2018-11-08,188
2018-11-09,203
2018-11-10,1
2018-11-11,2
2018-11-12,222
2018-11-13,478
2018-11-14,294
2018-11-15,293
2018-11-16,371
2018-11-17,21
2018-11-18,13
2018-11-19,78
2018-11-20,167
2018-11-21,189
2018-11-22,37
2018-11-23,12
2018-11-24,1
2018-11-25,2
2018-11-26,258
2018-11-27,205
2018-11-28,265
2018-11-29,280
2018-11-30,300
2018-12-01,2
2018-12-02,3
2018-12-03,204
2018-12-04,280
2018-12-05,231
2018-12-06,304
2018-12-07,253
2018-12-08,1
2018-12-09,2
2018-12-10,254
2018-12-11,241
2018-12-12,280
2018-12-13,258
2018-12-14,246
2018-12-15,7
2018-12-16,11
2018-12-17,184
2018-12-18,259
2018-12-19,278
2018-12-20,246
2018-12-21,268
2018-12-22,6
2018-12-23,1
2018-12-24,62
2018-12-25,1
2018-12-26,129
2018-12-27,156
2018-12-28,120
2018-12-29,5
2018-12-31,46
2019-01-07,335
2019-01-08,369
2019-01-09,354
2019-01-10,333
2019-01-11,261
2019-01-12,11
2019-01-13,7
2019-01-14,248
2019-01-15,268
2019-01-16,279
2019-01-17,246
2019-01-18,252
2019-01-19,6
2019-01-20,7
2019-01-21,86
2019-01-22,214
2019-01-23,326
2019-01-24,284
2019-01-25,295
2019-01-26,1
2019-01-27,5
2019-01-28,260
2019-01-29,335
2019-01-30,1637
2019-01-31,781
2019-02-01,266
2019-02-02,11
2019-02-03,3
2019-02-04,273
2019-02-05,396
2019-02-06,393
2019-02-07,332
2019-02-08,549
2019-02-09,35
2019-02-10,7
2019-02-11,529
2019-02-12,505
2019-02-13,445
2019-02-14,505
2019-02-15,450
2019-02-18,11
2019-02-19,758
2019-02-20,564
2019-02-21,563
2019-02-22,555
2019-02-23,69
2019-02-24,63
2019-02-25,694
2019-02-26,686
2019-02-27,762
2019-02-28,941
2019-03-01,889
2019-03-02,315
2019-03-03,235
2019-03-04,1078
2019-03-05,1142
2019-03-06,1080
2019-03-07,969
2019-03-08,1604
2019-03-09,343
2019-03-10,270
2019-03-11,1521
2019-03-12,1553
2019-03-13,1379
2019-03-14,1575
2019-03-15,1357
2019-03-16,298
2019-03-17,273
2019-03-18,1124
2019-03-19,1383
2019-03-20,1215
2019-03-21,2185
2019-03-22,1144
2019-03-23,293
2019-03-24,117
2019-03-25,905
2019-03-26,826
2019-03-27,532
2019-03-28,442
2019-03-29,237
2019-03-30,19
2019-03-31,9
2019-04-01,283
2019-04-02,322
2019-04-03,454
2019-04-04,329
2019-04-05,308
2019-04-06,5
2019-04-07,27
2019-04-08,373
2019-04-09,409
2019-04-10,448
2019-04-11,350
2019-04-12,292
2019-04-13,15
2019-04-14,2
2019-04-15,248
2019-04-16,312
2019-04-17,398
2019-04-18,308
2019-04-19,223
2019-04-20,8
2019-04-21,3
2019-04-22,335
2019-04-23,286
2019-04-24,362
2019-04-25,346
2019-04-26,369
2019-04-27,9
2019-04-28,3
2019-04-29,264
2019-04-30,332
2019-05-01,243
2019-05-02,351
2019-05-03,312
2019-05-04,18
2019-05-05,13
2019-05-06,288
2019-05-07,344
2019-05-08,311
2019-05-09,331
2019-05-10,309
2019-05-11,8
2019-05-12,1
2019-05-13,266
2019-05-14,354
2019-05-15,282
2019-05-16,324
2019-05-17,291
2019-05-18,4
2019-05-19,5
2019-05-20,338
2019-05-21,309
2019-05-22,309
2019-05-23,324
2019-05-24,277
2019-05-25,11
2019-05-26,1
2019-05-27,37
2019-05-28,236
2019-05-29,292
2019-05-30,315
2019-05-31,393
2019-06-01,22
2019-06-02,9
2019-06-03,311
2019-06-04,283
2019-06-05,287
2019-06-06,407
2019-06-07,347
2019-06-08,21
2019-06-09,8
2019-06-10,320
2019-06-11,320
2019-06-12,365
2019-06-13,393
2019-06-14,332
2019-06-15,19
2019-06-16,8
2019-06-17,313
2019-06-18,273
2019-06-19,379
2019-06-20,391
2019-06-21,403
2019-06-22,12
2019-06-23,2
2019-06-24,300
2019-06-25,299
2019-06-26,373
2019-06-27,289
2019-06-28,342
2019-06-29,16
2019-06-30,6
2019-07-01,215
2019-07-02,245
2019-07-03,323
2019-07-04,55
2019-07-05,86
2019-07-06,9
2019-07-07,4
2019-07-08,226
2019-07-09,385
2019-07-10,335
2019-07-11,317
2019-07-12,258
2019-07-13,4
2019-07-14,2
2019-07-15,280
2019-07-16,315
2019-07-17,319
2019-07-18,324
2019-07-19,337
2019-07-20,15
2019-07-21,4
2019-07-22,306
2019-07-23,331
2019-07-24,350
2019-07-25,285
2019-07-26,275
2019-07-27,11
2019-07-28,2
2019-07-29,296
2019-07-30,346
2019-07-31,324
2019-08-01,318
2019-08-02,267
2019-08-03,7
2019-08-04,3
2019-08-05,288
2019-08-06,320
2019-08-07,300
2019-08-08,252
2019-08-09,294
2019-08-10,3
2019-08-11,1
2019-08-12,299
2019-08-13,331
2019-08-14,301
2019-08-15,241
2019-08-16,275
2019-08-17,12
2019-08-18,3
2019-08-19,276
2019-08-20,366
2019-08-21,361
2019-08-22,358
2019-08-23,315
2019-08-24,5
2019-08-25,7
2019-08-26,306
2019-08-27,303
2019-08-28,269
2019-08-29,363
2019-08-30,296
2019-08-31,21
2019-09-01,5
2019-09-02,38
2019-09-03,197
2019-09-04,287
2019-09-05,287
2019-09-06,295
2019-09-07,8
2019-09-08,3
2019-09-09,312
2019-09-10,368
2019-09-11,342
2019-09-12,308
2019-09-13,304
2019-09-14,19
2019-09-15,7
2019-09-16,354
2019-09-17,436
2019-09-18,325
2019-09-19,287
2019-09-20,265
2019-09-21,9
2019-09-22,13
2019-09-23,325
2019-09-24,348
2019-09-25,311
2019-09-26,346
2019-09-27,335
2019-09-28,6
2019-09-29,1
2019-09-30,385
2019-10-01,181
2019-10-02,132
2019-10-03,272
2019-10-04,315
2019-10-05,17
2019-10-06,3
2019-10-07,308
2019-10-08,216
2019-10-09,333
2019-10-10,312
2019-10-11,316
2019-10-12,6
2019-10-13,22
2019-10-14,280
2019-10-15,368
2019-10-16,341
2019-10-17,338
2019-10-18,319
2019-10-19,16
2019-10-20,4
2019-10-21,332
2019-10-22,293
2019-10-23,335
2019-10-24,300
2019-10-25,284
2019-10-26,6
2019-10-27,1
2019-10-28,244
2019-10-29,255
2019-10-30,339
2019-10-31,377
2019-11-01,309
2019-11-02,19
2019-11-03,14
2019-11-04,240
2019-11-05,411
2019-11-06,450
2019-11-07,344
2019-11-08,367
2019-11-09,14
2019-11-10,12
2019-11-11,307
2019-11-12,370
2019-11-13,373
2019-11-14,358
2019-11-15,272
2019-11-16,4
2019-11-17,17
2019-11-18,344
2019-11-19,366
2019-11-20,281
2019-11-21,408
2019-11-22,235
2019-11-23,9
2019-11-24,7
2019-11-25,374
2019-11-26,310
2019-11-27,255
2019-11-28,31
2019-11-29,36
2019-12-01,5
2019-12-02,275
2019-12-03,367
2019-12-04,329
2019-12-05,383
2019-12-06,336
2019-12-07,6
2019-12-08,8
2019-12-09,291
2019-12-10,324
2019-12-11,370
2019-12-12,318
2019-12-13,227
2019-12-14,43
2019-12-15,8
2019-12-16,321
2019-12-17,388
2019-12-18,319
2019-12-19,292
2019-12-20,293
2019-12-21,7
2019-12-22,32
2019-12-23,310
2019-12-24,125
2019-12-25,20
2019-12-26,111
2019-12-27,192
2019-12-28,4
2019-12-29,1
2019-12-30,212
2019-12-31,172
2020-01-01,140
2020-01-02,1395
2020-01-03,1819
2020-01-04,22
2020-01-05,78
2020-01-06,1934
2020-01-07,1829
2020-01-08,2057
2020-01-09,2866
2020-01-10,2297
2020-01-11,66
2020-01-12,24
2020-01-13,2671
2020-01-14,2741
2020-01-15,1919
2020-01-16,2371
2020-01-17,1960
2020-01-18,62
2020-01-19,63
2020-01-20,1182
2020-01-21,2189
2020-01-22,1675
2020-01-23,2607
2020-01-24,1781
2020-01-25,225
2020-01-26,61
2020-01-27,1995
2020-01-28,2753
2020-01-29,2368
2020-01-30,2470
2020-01-31,2219
2020-02-01,126
2020-02-02,143
2020-02-03,2462
2020-02-04,2469
2020-02-05,2687
2020-02-06,2588
2020-02-07,2135
2020-02-08,99
2020-02-09,121
2020-02-10,3110
2020-02-11,2676
2020-02-12,2763
2020-02-13,2975
2020-02-14,2110
2020-02-15,92
2020-02-16,251
2020-02-17,1584
2020-02-18,2555
2020-02-19,2750
2020-02-20,2720
2020-02-21,2367
2020-02-22,352
2020-02-23,102
2020-02-24,2660
2020-02-25,2960
2020-02-26,3299
2020-02-27,3051
2020-02-28,2958
2020-02-29,299
2020-03-01,160
2020-03-02,3011
2020-03-03,3454
2020-03-04,3521
2020-03-05,3376
2020-03-06,2791
2020-03-07,354
2020-03-08,140
2020-03-09,2745
2020-03-10,2835
2020-03-11,2941
2020-03-12,2744
2020-03-13,2423
2020-03-14,148
2020-03-15,148
2020-03-16,2413
2020-03-17,2662
2020-03-18,2436
2020-03-19,2250
2020-03-20,2263
2020-03-21,123
2020-03-22,67
2020-03-23,2412
2020-03-24,1819
2020-03-25,2031
2020-03-26,2441
2020-03-27,2663
2020-03-28,593
2020-03-29,577
2020-03-30,2270
2020-03-31,2249
2020-04-01,2335
2020-04-02,1808
2020-04-03,1838
2020-04-04,101
2020-04-05,181
2020-04-06,2090
2020-04-07,2205
2020-04-08,2849
2020-04-09,2597
2020-04-10,2370
2020-04-11,390
2020-04-12,79
2020-04-13,2378
2020-04-14,2389
2020-04-15,2215
2020-04-16,2232
2020-04-17,1877
2020-04-18,102
2020-04-19,288
2020-04-20,2107
2020-04-21,2227
2020-04-22,2173
2020-04-23,2006
2020-04-24,2275
2020-04-25,54
2020-04-26,129
2020-04-27,2046
2020-04-28,2148
2020-04-29,2034
2020-04-30,2419
2020-05-01,1429
2020-05-02,76
2020-05-03,290
2020-05-04,2758
2020-05-05,2652
2020-05-06,3437
2020-05-07,3080
2020-05-08,2200
2020-05-09,679
2020-05-10,241
2020-05-11,2622
2020-05-12,3153
2020-05-13,2786
2020-05-14,4618
2020-05-15,2969
2020-05-16,725
2020-05-17,249
2020-05-18,2466
2020-05-19,2632
2020-05-20,2301
2020-05-21,2184
2020-05-22,2135
2020-05-23,301
2020-05-24,77
2020-05-25,395
2020-05-26,2174
2020-05-27,2335
2020-05-28,2655
2020-05-29,2172
2020-05-30,365
2020-05-31,283
2020-06-01,1922
2020-06-02,2363
2020-06-03,2988
2020-06-04,2157
2020-06-05,1855
2020-06-06,529
2020-06-07,186
2020-06-08,1852
2020-06-09,1929
2020-06-10,2174
2020-06-11,2038
2020-06-12,1977
2020-06-13,271
2020-06-14,145
2020-06-15,1791
2020-06-16,1877
2020-06-17,1964
2020-06-18,2053
2020-06-19,2064
2020-06-20,139
2020-06-21,96
2020-06-22,1502
2020-06-23,1384
2020-06-24,21
2020-06-25,20
2020-06-26,6
2020-06-29,13
2020-06-30,3
2020-07-31,2
